Entity,Code,Year,Renewables
Sweden,SWE,2024,51.31793
Austria,AUT,2024,43.347355
Denmark,DNK,2024,41.722164
Portugal,PRT,2024,39.74076
Finland,FIN,2024,38.894417
Hungary,HUN,2024,12.705954
Belgium,BEL,2024,11.45436
Slovakia,SVK,2024,11.295315
Cyprus,CYP,2024,10.795388
Czechia,CZE,2024,9.745923
